,17/08/2026,18/08/2026,19/08/2026,20/08/2026,21/08/2026,22/08/2026,24/08/2026,25/08/2026,26/08/2026,27/08/2026,28/08/2026,29/08/2026,31/08/2026,01/09/2026,02/09/2026,03/09/2026,04/09/2026,05/09/2026,07/09/2026
Abdulla Zaman,6.9m,3m,3.5m,4.2m,2.8m,5.9m,6.6m,4.6m,5.1m,4.5m,1.2m,15.7m,6.7m,3m,4.4m,3.1m,1.1m,2m,8.5m
Ahmed,2.3m,4.6m,2.8m,4.4m,1.5m,3m,2.9m,3.8m,5.4m,4.1m,6.8m,3.1m,3.4m,2.6m,4.8m,4.6m,2.3m,6.9m,6.1m
Aiko S,0,2.7m,2.1m,2m,1.3m,499.8k,2.8m,2.2m,2.2m,3.5m,2.3m,513.3k,1.9m,2.1m,0,2m,640.8k,710.7k,0
Aladita,817.1k,538.2k,1.1m,1.5m,1.2m,2m,1m,593.1k,1.2m,1.1m,1.6m,919.3k,790k,416.6k,938.9k,1m,2.9m,823.9k,0
Alexandra,5.8m,3.8m,6.1m,3.5m,6.5m,7.5m,5.5m,3.2m,4.9m,4.7m,5.6m,4.6m,8.4m,3.7m,4.3m,5m,4m,1.2m,5.1m
Alexia Tarabotti,1.1m,1.8m,1.5m,3.9m,1.2m,719.9k,0,1.9m,844.8k,2.3m,2.7m,2.7m,264.6k,2.8m,1.8m,3.6m,1.2m,722.5k,2.8m
Allhailshay,0,3.4m,0,2m,153.8k,949.3k,2.3m,0,0,0,536.2k,0,1.1m,0,0,425.9k,0,0,0
Also SarahElaina,2.2m,2m,2.1m,1.6m,630.9k,581k,1.5m,0,0,140.8k,2m,1.1m,1.3m,2.6m,2.4m,956.9k,0,0,927k
Angry Bird,0,2.1m,3.6m,3m,1.7m,3.9m,17.5m,3.4m,5.8m,3.1m,406.1k,1.8m,9.3m,4.9m,2.4m,3.4m,1.5m,2.3m,5.9m
Atomickitkat16,1.2m,0,1.9m,0,2.2m,567.2k,2m,1.4m,0,1.5m,2.1m,1.4m,1.2m,130.7k,0,2.1m,0,10k,0
Bartlebert,2.6m,2.4m,2.2m,2.2m,2.3m,843.4k,4.2m,2.4m,3.4m,2.8m,2.8m,779.8k,3m,2.2m,4.1m,2.7m,1.9m,2.1m,5.9m
Beciaishere,4m,0,2.4m,2.2m,3.6m,4.6m,9.8m,4.2m,3.8m,2.4m,1.3m,854.7k,3.7m,3.2m,4.1m,2.7m,2m,2m,5.4m
beebutterfly,0,0,0,0,0,0,0,0,0,0,0,0,,,,,,,
Bmrb,0,868.4k,517k,0,0,633.5k,489.8k,1m,1.2m,0,998.4k,1m,897k,934.2k,911.1k,1.2m,959.2k,485.1k,1.1m
Boner,3.1m,2.6m,4.5m,2.4m,4.4m,6.2m,3.1m,1.4m,3.4m,5.6m,2.8m,18.2m,8.5m,4.4m,3m,3.8m,2.5m,9.4m,9m
Breaker CL,2.9m,2m,2m,1.4m,3.5m,2.8m,2.8m,1m,1.4m,2.3m,4.6m,4.8m,3.5m,1.6m,2.9m,1.5m,2.5m,7m,2.9m
Butterfly276583,0,0,0,0,0,0,3.3m,2.5m,0,0,2.2m,614.1k,0,0,0,0,0,711.5k,0
Casagrande2108,2.2m,577.4k,1.1m,548.4k,276k,633k,172.7k,532.4k,1.9m,548.1k,1.1m,706.2k,1m,469.9k,1m,1.1m,587.6k,678.5k,1.5m
CeeCeeCee,1.4m,1.1m,875.2k,905.2k,725.8k,794.5k,845.9k,562.2k,0,0,1.5m,700.5k,586.2k,568.2k,548.4k,1.2m,826.6k,292k,953.9k
ChelseaLou,0,0,0,0,927.8k,0,0,0,0,0,1m,0,389.3k,1.3m,0,0,1m,0,0
Crazywaifu,0,1.5m,0,0,318.6k,677.2k,443.8k,0,1.4m,2.3m,1.1m,524.9k,961.3k,1.4m,1.1m,1.2m,1.1m,382.5k,1.4m
Crissid,2m,1m,1.2m,1m,1m,467.5k,2.1m,1m,1.2m,794.3k,1m,467.5k,1.2m,1.1m,1.4m,1.1m,1m,425k,2.1m
ct323i,3.1m,7.5m,2.6m,3.1m,1m,3.1m,4m,1.4m,2.3m,4.6m,247.4k,2.4m,1.4m,1.6m,1.1m,2.4m,2.7m,1m,1.6m
CurioCT,662.1k,171.3k,774.6k,1.2m,345k,1m,0,0,825.6k,1m,1m,1.1m,937.9k,423.6k,689.6k,0,1.2m,505.4k,1.1m
ddz123,2.1m,2m,2m,2m,2m,3.2m,3.9m,1.5m,1.9m,3.4m,2.8m,2.5m,3.7m,2m,2.2m,2.3m,2m,4.4m,3.6m
Deb83,2.1m,2.3m,3.9m,3.6m,2.3m,595k,4.4m,2m,2.5m,2.8m,2.4m,889.7k,6.4m,3m,2.9m,2.3m,1m,767.1k,4.9m
Den Sorte Dod,485.9k,606.1k,673.1k,911.9k,1.2m,1.2m,459.4k,454.6k,461.8k,348.4k,1.1m,839.7k,187.8k,226.8k,1.6m,2.1m,2.7m,617k,869.3k
Diabo,4.3m,2.4m,2.8m,2.5m,7.1m,7.4m,5.1m,2.3m,2.9m,4.2m,5m,6.7m,5.2m,2.1m,2.2m,3.1m,5.5m,8.5m,5.7m
Diplodocus,931.1k,889.7k,837.8k,742.5k,632k,580k,1m,1.3m,1.2m,885.6k,1.3m,616.2k,2m,1.1m,1m,946k,1.4m,1.4m,778.8k
Dromund Kaas,0,439.8k,1.1m,892.7k,2.4m,346.4k,268.6k,367.5k,1m,568.1k,1.1m,625.6k,179k,491.5k,1.1m,709.6k,597.5k,784.5k,720.5k
ElfasTheBrave,2.1m,1.1m,0,2.1m,1.2m,642.1k,2.3m,2.1m,3.5m,2.3m,2m,1.7m,4.1m,2m,3.7m,2.3m,851.8k,662.3k,5.2m
Fogoro,1.4m,1m,827.2k,2m,967.1k,2m,1.4m,617.4k,1.7m,2.2m,1.4m,1.8m,2.1m,363.5k,1.6m,1.3m,1.5m,1m,2.2m
Fox,6.7m,2m,3.8m,2.5m,868.5k,6m,9m,2.4m,8.4m,2.2m,2.1m,16.9m,7.1m,2.1m,3.1m,2.3m,1.1m,14m,15.1m
Georgecris,192.5k,695.8k,0,773.7k,371.3k,0,0,0,423.3k,0,812k,249k,0,0,0,826.6k,0,534.5k,703.5k
Goldensun25,0,0,0,0,0,0,0,0,0,0,0,74.8k,,,,,,23.7k,
Grimvs,3.7m,4.2m,3.3m,2.7m,5.7m,4.3m,4.4m,4.3m,2.8m,3.9m,2.4m,3.5m,5m,2.6m,2.7m,3.7m,2.8m,1.1m,3.2m
Grissom631,3m,3.2m,2.4m,1.5m,2.2m,1.1m,2.5m,3.3m,2.3m,4.8m,2.2m,1.6m,3.8m,4.7m,2.6m,2.9m,2.1m,929k,2.9m
Issa0313,2.8m,2.8m,2.9m,2.4m,2.5m,2.5m,2.7m,2m,3.2m,3.2m,2.2m,2m,2.5m,2.6m,3m,2.8m,2.1m,4.2m,4.3m
-Amjad,3.8m,2.6m,3.1m,4.4m,2.8m,5.6m,4.2m,4.5m,4.4m,3.3m,2.7m,4.5m,5.6m,3m,3.9m,4.8m,3.5m,9m,7.6m
Jenny Dingotti,3.8m,3.1m,2.1m,2.3m,3m,1m,2.7m,1m,1.8m,2.6m,2m,1.3m,3.8m,2.8m,3.6m,3.9m,2m,1.9m,5m
Juliesue,1.1m,0,473.1k,2.3m,3.3m,0,1.6m,197.9k,0,783.6k,1.1m,431k,179k,1.1m,1.3m,1.1m,2m,595k,2.2m
Justmewhyme,1.8m,2.1m,2m,2.1m,2.1m,1.6m,2.4m,3.5m,2.7m,3.1m,2.3m,1.2m,3.4m,2.1m,2.2m,2.1m,2.3m,0,3.1m
Kleetoris,2.5m,3.7m,5.8m,2.3m,5m,9.7m,2.6m,3m,3.3m,3.4m,2.3m,12.4m,4.1m,3.4m,3.4m,4.4m,4.6m,25m,5.6m
LadyK,4.3m,2.7m,3.6m,3.9m,2.4m,4.4m,5m,4.8m,7.9m,5.8m,2.4m,5.2m,5.5m,2.3m,3.9m,3.4m,6.9m,15.5m,13.6m
LuckysDadsRules,1.4m,1.1m,2.3m,1.4m,2.1m,1m,1m,1m,1.2m,2m,2.1m,1m,1.1m,2m,2.1m,2m,2.2m,1.1m,3.4m
Limussia,2.7m,3.1m,2.8m,3.4m,3.8m,5.6m,4.6m,4.3m,7.5m,3.5m,2.3m,5.8m,5.3m,4.1m,4.3m,2.4m,2.4m,3.4m,4.6m
Liouka,3.5m,2.7m,2.6m,2.2m,1.3m,1.8m,1.5m,2.2m,2m,1.2m,942.5k,817.5k,2.5m,2.7m,2.8m,1.5m,2m,722.5k,2.7m
Little LadyK,0,220k,2m,2.3m,2.1m,0,2.6m,4.2m,1.9m,0,5.1m,786.5k,5.4m,999.6k,2m,2.6m,2.7m,1.2m,7.1m
Luffy0,2m,1.9m,990.2k,152k,0,754.4k,2m,44k,1.9m,2.1m,808.9k,585k,2.1m,2.1m,2.2m,2.4m,539.8k,1.1m,3m
Lusimella,2m,2.6m,2.6m,2.6m,1m,2.2m,1.7m,2.5m,2.7m,2.4m,2m,941.2k,3.7m,2.5m,2.3m,2.2m,1.1m,382.5k,2.2m
Mahrodg,0,579.6k,769.2k,2.8m,2.5m,1.1m,567k,1m,1.7m,2.2m,1.5m,2.1m,4.2m,2.9m,4.4m,3.7m,2m,826.6k,1.5m
Manowarr,97.5k,406.5k,562k,322k,453.4k,457.3k,0,166.4k,400.1k,183.1k,396.7k,801.7k,97.5k,132.9k,457.2k,61.5k,65.7k,504.2k,0
Maprikea,1.8m,1.5m,3.2m,2m,2.2m,3.2m,2.2m,2.3m,2.9m,2.1m,2m,2.1m,2.5m,2.1m,3m,3.4m,2.3m,933.7k,2.2m
Marwan,2.7m,1.9m,2.6m,3.1m,2m,2m,2.4m,2m,2.6m,2.3m,2.2m,2.2m,3.3m,2.2m,3.1m,2.1m,2.2m,723.4k,2.5m
meemee,86.2k,2.1m,2.1m,3.1m,2.2m,1.3m,1.6m,2.1m,2.4m,3.6m,264.3k,865.1k,1.8m,3.3m,2.8m,4.5m,540.1k,567.7k,1.4m
Megeira,0,1.5m,753.6k,0,2.1m,510k,3.1m,3m,0,0,153k,891.5k,945k,0,2.7m,821.5k,2.8m,737k,1m
Memis Outback,2.7m,1.7m,1.6m,1.6m,3.7m,932.7k,1.8m,760.8k,768.9k,1m,290.8k,180k,0,2.2m,2.5m,2.4m,1.3m,539.6k,2.3m
Miccy,225.2k,1.1m,553k,535.5k,726.2k,1m,234.3k,680.4k,592.5k,750.8k,270k,567k,145.8k,1.1m,567k,822k,1.2m,679.7k,710.5k
Mirasol,1.5m,386.4k,2.3m,1m,2m,0,1.1m,2m,2.1m,2m,1.7m,2.3m,1.6m,2m,1.3m,2m,2m,5.1m,2.5m
Mishkamoo,3.3m,2.1m,4.2m,2.2m,1.6m,382.5k,2.9m,1.2m,2.3m,2m,2.2m,746.7k,3.1m,2.1m,1.7m,2.1m,804.7k,0,5m
Momo,3.3m,1.8m,2.8m,2.5m,3.3m,3m,4.4m,4.6m,5.3m,4.4m,2.9m,2.4m,3.1m,2m,5.3m,2.1m,1m,6.3m,9.9m
Nachurriii,235.1k,0,0,613.5k,0,0,0,0,1.6m,786.5k,0,0,0,0,0,0,0,0,1.1m
Nahshesright,1.9m,1m,1.1m,2m,1.5m,2.8m,1.8m,1.2m,1.8m,585.6k,1.3m,2.6m,1.7m,1.8m,2.3m,1.5m,846.5k,1.6m,1.4m
Nasam,0,1.7m,0,0,0,0,277.4k,0,0,0,0,169.4k,0,0,0,990.1k,0,0,341.4k
OGsteele,4.3m,3.8m,4.2m,3.7m,4.5m,2.2m,9.6m,5m,6.6m,5.6m,3.5m,2.5m,7.5m,4m,5.6m,3.1m,5.2m,4.7m,9.4m
Omega4431,2.2m,2.6m,3.5m,1.7m,1.2m,1m,4.6m,1.4m,4m,4.2m,1.2m,540k,2.9m,1.4m,3.3m,4.5m,2.6m,635k,2.7m
Oranit,7m,3m,3.2m,4.1m,7.4m,7.8m,7.4m,4.4m,8.6m,9.9m,5.2m,7.5m,10m,4.7m,3.1m,7.2m,7m,16.9m,15.2m
Otylka,1.2m,882.1k,2.1m,3m,1.4m,1.2m,1.1m,905.8k,2m,2m,1.1m,1m,1.3m,455.4k,1.3m,1.7m,1.7m,896.7k,783.7k
Ozz1234,3.4m,2.1m,2.4m,2.9m,1.3m,2.9m,4m,1.6m,1.5m,1.9m,2.9m,1.3m,5.1m,2m,1.8m,0,3.2m,1.5m,5m
Pe Yo,2.3m,2.2m,2m,2.6m,3.3m,4.3m,2.8m,2.4m,3.2m,1.2m,882.2k,697.5k,1.7m,1m,2.2m,1.9m,1.5m,3.6m,1.6m
Plumpkin364,7.7m,5.4m,7.5m,4.6m,7.4m,9.5m,3.2m,4.3m,5.2m,3.4m,4.5m,20m,7m,3.1m,4.8m,2.4m,6.5m,12.5m,10.8m
Preacher,2m,2m,2m,2.2m,1.5m,895k,1.4m,1.9m,2.1m,2.1m,2.2m,1.1m,2.3m,433.1k,2.1m,2.1m,2.1m,1.5m,2.1m
PrttynPtty Phz,1.6m,2.2m,2.6m,1.3m,3.5m,680k,2.6m,3.1m,6.9m,5.3m,2.1m,350k,1.2m,3.3m,2.9m,1.7m,2.4m,680k,2.3m
PurpleCat10,234.8k,777.7k,1.2m,622.7k,465.8k,456.5k,117.4k,1.4m,1.2m,723.6k,382.2k,697.5k,0,0,2.1m,0,0,0,989k
Rainon,0,3.2m,490.8k,1.3m,1m,2.1m,1.4m,2.4m,1.5m,2m,435.5k,2.3m,250k,3m,2.1m,1.1m,166.4k,1.1m,2m
Ryjhg,2m,994.8k,2.2m,1.8m,955.2k,2m,994.7k,642k,1.7m,1m,2.5m,2.4m,2.3m,1.7m,945.2k,2m,2m,1.4m,2.5m
S4schA22o3,5m,3.1m,3.4m,3m,2.3m,4.6m,2.6m,3.5m,3.7m,2.6m,2.3m,720k,2.9m,2.5m,4.9m,2.4m,2.1m,6.7m,5.5m
Sakuritta,2.3m,2.4m,2.2m,3.3m,5.4m,3.6m,2.2m,3.8m,1.2m,2m,2m,2.8m,2.8m,2m,2.1m,3.4m,2.7m,6.2m,2.8m
Sarmed,2.5m,674.3k,1.4m,1.1m,2.2m,693.4k,1.1m,613.1k,833.7k,761.3k,1.5m,656.6k,1.4m,402.6k,558.5k,1m,743k,664k,1.8m
Sax Girl,579.5k,2.1m,932.2k,774k,455.6k,894.7k,0,809.9k,1.1m,743k,1.5m,680k,2.4m,2m,2.2m,2m,2.1m,2.5m,1.3m
Shuvani,547.8k,0,280.5k,0,487k,215.1k,451.6k,123.6k,415k,0,79.9k,415k,603.3k,82.4k,405k,1m,135.4k,3k,524.2k
Snowden,0,1.6m,2.2m,2.5m,3.7m,3.6m,942.7k,1.3m,2.1m,2.3m,2m,1.8m,2.1m,2.3m,3m,5.6m,2.2m,6.9m,1.1m
Spamville,0,0,512k,0,3m,656.9k,715.5k,0,0,0,0,0,0,0,3m,0,0,0,1.6m
Supermikepun,4.4m,2.5m,3.1m,2.8m,1.2m,722.5k,3.2m,7.2m,2.8m,4.3m,229.4k,1m,4.6m,6m,3m,3.4m,1.8m,2.4m,4.9m
Svenkaichi,1.6m,1.8m,824.9k,2m,1.2m,1.1m,1.6m,2.6m,2m,3m,1.8m,1.8m,1.6m,1m,1m,2.4m,1.6m,580.6k,1.2m
The Fyren Order ,3.6m,1.8m,2.3m,2.6m,2.6m,670k,2.6m,2.2m,2.7m,2.3m,1.4m,216.6k,3.8m,1.5m,4.3m,1.4m,2.1m,510.5k,3.9m
The Legend,171.7k,239.6k,1.4m,886.9k,148.2k,669.5k,917.8k,214.6k,0,466.8k,181.1k,303.8k,0,0,0,0,0,257.4k,0
Thomas74,6.3m,2m,2.1m,2.1m,3.4m,11.3m,6.3m,3.4m,3m,3.9m,1.6m,6.3m,4m,2.3m,3.3m,2.5m,2.5m,6.2m,4.3m
Trauma,0,0,0,0,0,0,0,0,0,0,0,0,,,,,,,10.7m
Tui23,3.4m,2m,3m,3.2m,2.4m,5.6m,4.2m,2.2m,3.3m,4.7m,2.5m,5.2m,3.3m,2.1m,3.3m,2.5m,2.3m,3.7m,3.4m
Tuulip,2.4m,3.4m,2.2m,3.5m,4.1m,2m,2.8m,2.2m,2.4m,3.7m,1.4m,796.6k,2.2m,2.3m,3.3m,3.6m,2m,1.1m,6.3m
Twiggy,522.9k,0,0,0,1.5m,1.9m,2.4m,1.4m,1.1m,1.2m,1.7m,1.1m,1.2m,210k,1.2m,243k,2m,1.9m,1.4m
Venom,5.4m,2.4m,3m,0,0,627.7k,2.6m,2m,3.4m,3.7m,0,2.2m,2.3m,3.2m,3.7m,2.7m,1.6m,1.9m,2.6m
Verstappen,4m,2.3m,3.9m,3.8m,2.4m,7.4m,6.6m,3.8m,8.7m,3.9m,2.1m,22m,6.2m,2.3m,5m,2.5m,2.6m,17.9m,18.9m
Vorth,2.2m,2.5m,3.6m,2.7m,2.9m,2.8m,3.7m,1.8m,3.6m,2.2m,3.5m,3.8m,3.3m,2.4m,4.8m,3.7m,2.5m,824.5k,2.8m
Zilvays,2m,1.4m,2.3m,1.3m,2.4m,0,1.5m,912.6k,2m,2m,1.5m,2.1m,2m,2m,1.6m,1.1m,1m,3m,1.6m
Zombielicious,0,394.2k,443.2k,432.8k,124.6k,322.6k,77.1k,512.4k,1m,,22.7k,425k,,,,,,,3.2m